{"epoch": 14, "Test Accuracy": 0.8185, "Test Loss": 0.5815791320800782, "Loss": 0.4771697275042534, "_timestamp": 1655283128, "_runtime": 411, "_step": 14, "_wandb": {"runtime": 413}}