{"epoch": 14, "Test Accuracy": 0.8095, "Test Loss": 0.5734334945678711, "Loss": 0.6197459402084351, "_timestamp": 1655282479, "_runtime": 197, "_step": 14, "_wandb": {"runtime": 199}}