{"Loss": 0.46614163017272947, "_timestamp": 1655282667, "_runtime": 105, "_step": 128, "epoch": 1, "Test Accuracy": 0.6956, "Test Loss": 0.8801413726806641}