{"epoch": 14, "Test Accuracy": 0.8574, "Test Loss": 0.4509024810791016, "Loss": 0.5168285056650639, "_timestamp": 1655283289, "_runtime": 102, "_step": 14, "_wandb": {"runtime": 103}}