{"epoch": 14, "Test Accuracy": 0.7901, "Test Loss": 0.6425471496582031, "Loss": 0.6850092334747314, "_timestamp": 1655282104, "_runtime": 199, "_step": 14, "_wandb": {"runtime": 201}}