{"epoch": 14, "Test Accuracy": 0.7921, "Test Loss": 0.6481534576416016, "Loss": 0.7104875875115395, "_timestamp": 1655282254, "_runtime": 101, "_step": 14, "_wandb": {"runtime": 103}}